{"cameraMode":{"drawMode":0,"name":"Shaded","section":"Shading Mode"},"sceneLighting":true,"audioPlay":false,"sceneViewState":{"showFog":true,"showMaterialUpdate":false,"showSkybox":true,"showFlares":true,"showImageEffects":true,"showParticleSystems":true},"in2DMode":false,"pivot":{"x":1.6263465881347657,"y":-1.449999451637268,"z":1.774837851524353},"rotation":{"x":0.1621197909116745,"y":-0.02663912996649742,"z":0.004377981182187796,"w":0.9864017963409424},"size":7.137725353240967,"orthographic":true}