{"cameraMode":{"drawMode":0,"name":"Shaded","section":"Shading Mode"},"sceneLighting":false,"audioPlay":false,"sceneViewState":{"showFog":true,"showMaterialUpdate":false,"showSkybox":true,"showFlares":true,"showImageEffects":true,"showParticleSystems":true},"in2DMode":false,"pivot":{"x":-3.2526965141296388,"y":2.3800015449523927,"z":3.252697467803955},"rotation":{"x":0.5926303267478943,"y":-0.30571961402893069,"z":0.25933942198753359,"w":0.6986185908317566},"size":20.790334701538087,"orthographic":true}