{"cameraMode":{"drawMode":0,"name":"Shaded","section":"Shading Mode"},"sceneLighting":true,"audioPlay":false,"sceneViewState":{"showFog":true,"showMaterialUpdate":false,"showSkybox":true,"showFlares":true,"showImageEffects":true,"showParticleSystems":true},"in2DMode":false,"pivot":{"x":-2.0506591796875,"y":-0.791015625,"z":0.7119140625},"rotation":{"x":0.2960149049758911,"y":0.04725676402449608,"z":-0.014664720743894577,"w":0.953900933265686},"size":8.192242622375489,"orthographic":true}