{"cameraMode":{"drawMode":0,"name":"Shaded","section":"Shading Mode"},"sceneLighting":false,"audioPlay":false,"sceneViewState":{"showFog":true,"showMaterialUpdate":false,"showSkybox":true,"showFlares":true,"showImageEffects":true,"showParticleSystems":true},"in2DMode":false,"pivot":{"x":0.0,"y":0.6360002756118774,"z":-0.01363365352153778},"rotation":{"x":0.002443552715703845,"y":0.9945160150527954,"z":-0.10179397463798523,"w":0.023873252794146539},"size":1.4408704042434693,"orthographic":true}