{"cameraMode":{"drawMode":0,"name":"Shaded","section":"Shading Mode"},"sceneLighting":true,"audioPlay":false,"sceneViewState":{"showFog":true,"showMaterialUpdate":false,"showSkybox":true,"showFlares":true,"showImageEffects":true,"showParticleSystems":true},"in2DMode":false,"pivot":{"x":-1.2373517751693726,"y":6.49984884262085,"z":0.1875},"rotation":{"x":0.1011323630809784,"y":0.8662301301956177,"z":-0.4486570954322815,"w":0.19525517523288728},"size":16.579273223876954,"orthographic":true}