{"cameraMode":{"drawMode":0,"name":"Shaded","section":"Shading Mode"},"sceneLighting":false,"audioPlay":false,"sceneViewState":{"showFog":true,"showMaterialUpdate":false,"showSkybox":true,"showFlares":true,"showImageEffects":true,"showParticleSystems":true},"in2DMode":false,"pivot":{"x":-0.33366456627845766,"y":0.33236488699913027,"z":0.0012816265225410462},"rotation":{"x":-0.0003112316771876067,"y":-0.0009021729347296059,"z":-0.000025904910216922872,"w":-0.9999995827674866},"size":1.2033071517944337,"orthographic":false}