{"cameraMode":{"drawMode":0,"name":"Shaded","section":"Shading Mode"},"sceneLighting":false,"audioPlay":false,"sceneViewState":{"showFog":true,"showMaterialUpdate":false,"showSkybox":true,"showFlares":true,"showImageEffects":true,"showParticleSystems":true},"in2DMode":false,"pivot":{"x":-0.09340043365955353,"y":0.2375115156173706,"z":-0.0009240806102752686},"rotation":{"x":0.007951103150844574,"y":-0.9753938317298889,"z":0.217411071062088,"w":0.03572344407439232},"size":1.2007445096969605,"orthographic":false}