{"cameraMode":{"drawMode":0,"name":"Shaded","section":"Shading Mode"},"sceneLighting":false,"audioPlay":false,"sceneViewState":{"showFog":true,"showMaterialUpdate":false,"showSkybox":true,"showFlares":true,"showImageEffects":true,"showParticleSystems":true},"in2DMode":false,"pivot":{"x":0.00015050172805786133,"y":0.28250008821487429,"z":-0.00006955862045288086},"rotation":{"x":0.42190882563591006,"y":0.3838159143924713,"z":-0.20349207520484925,"w":0.7957822680473328},"size":2.035694122314453,"orthographic":true}