{"cameraMode":{"drawMode":0,"name":"Shaded","section":"Shading Mode"},"sceneLighting":false,"audioPlay":false,"sceneViewState":{"showFog":true,"showMaterialUpdate":false,"showSkybox":true,"showFlares":true,"showImageEffects":true,"showParticleSystems":true},"in2DMode":false,"pivot":{"x":0.0,"y":5.100002288818359,"z":4.76837158203125e-7},"rotation":{"x":0.5175204277038574,"y":0.03642969951033592,"z":-0.022060532122850419,"w":0.8546103835105896},"size":20.682960510253908,"orthographic":true}