{"cameraMode":{"drawMode":0,"name":"Shaded","section":"Shading Mode"},"sceneLighting":false,"audioPlay":false,"sceneViewState":{"showFog":true,"showMaterialUpdate":false,"showSkybox":true,"showFlares":true,"showImageEffects":true,"showParticleSystems":true},"in2DMode":false,"pivot":{"x":-0.0012193024158477784,"y":0.3126925528049469,"z":-0.0015231668949127198},"rotation":{"x":0.0031791916117072107,"y":-0.7818182706832886,"z":-0.00399014912545681,"w":-0.6234855055809021},"size":1.0575432777404786,"orthographic":true}