{"cameraMode":{"drawMode":0,"name":"Shaded","section":"Shading Mode"},"sceneLighting":true,"audioPlay":false,"sceneViewState":{"showFog":true,"showMaterialUpdate":false,"showSkybox":true,"showFlares":true,"showImageEffects":true,"showParticleSystems":true},"in2DMode":false,"pivot":{"x":-0.000005245208740234375,"y":-0.21237492561340333,"z":0.17129671573638917},"rotation":{"x":0.29254987835884097,"y":-0.1214970052242279,"z":0.037506405264139178,"w":0.9477586150169373},"size":21.450176239013673,"orthographic":false}