{"cameraMode":{"drawMode":0,"name":"Shaded","section":"Shading Mode"},"sceneLighting":true,"audioPlay":false,"sceneViewState":{"showFog":true,"showMaterialUpdate":false,"showSkybox":true,"showFlares":true,"showImageEffects":true,"showParticleSystems":true},"in2DMode":false,"pivot":{"x":1.883862018585205,"y":-2.6231637001037599,"z":-0.8874044418334961},"rotation":{"x":0.3637545704841614,"y":-0.17587770521640778,"z":0.07014673203229904,"w":0.9120466709136963},"size":30.78257179260254,"orthographic":true}