{"cameraMode":{"drawMode":0,"name":"Shaded","section":"Shading Mode"},"sceneLighting":false,"audioPlay":false,"sceneViewState":{"showFog":true,"showMaterialUpdate":false,"showSkybox":true,"showFlares":true,"showImageEffects":true,"showParticleSystems":true},"in2DMode":false,"pivot":{"x":-0.0012193024158477784,"y":0.3126925528049469,"z":-0.0015231668949127198},"rotation":{"x":0.023320304229855539,"y":-0.9622460007667542,"z":-0.08742079138755799,"w":-0.2567031681537628},"size":1.6399545669555665,"orthographic":true}