{"cameraMode":{"drawMode":0,"name":"Shaded","section":"Shading Mode"},"sceneLighting":false,"audioPlay":false,"sceneViewState":{"showFog":true,"showMaterialUpdate":false,"showSkybox":true,"showFlares":true,"showImageEffects":true,"showParticleSystems":true},"in2DMode":false,"pivot":{"x":0.0,"y":0.10459709167480469,"z":1.1175870895385743e-8},"rotation":{"x":0.007951103150844574,"y":-0.9753938317298889,"z":0.217411071062088,"w":0.03572344407439232},"size":1.422516107559204,"orthographic":false}