{"cameraMode":{"drawMode":0,"name":"Shaded","section":"Shading Mode"},"sceneLighting":false,"audioPlay":false,"sceneViewState":{"showFog":true,"showMaterialUpdate":false,"showSkybox":true,"showFlares":true,"showImageEffects":true,"showParticleSystems":true},"in2DMode":false,"pivot":{"x":2.398866891860962,"y":-0.10506188869476319,"z":3.7011332511901857},"rotation":{"x":-0.08506026118993759,"y":0.2820528447628021,"z":-0.025126028805971147,"w":-0.9552903175354004},"size":8.779799461364746,"orthographic":false}