{"cameraMode":{"drawMode":0,"name":"Shaded","section":"Shading Mode"},"sceneLighting":true,"audioPlay":false,"sceneViewState":{"showFog":true,"showMaterialUpdate":false,"showSkybox":true,"showFlares":true,"showImageEffects":true,"showParticleSystems":true},"in2DMode":false,"pivot":{"x":-1.4849233627319337,"y":-2.0179998874664308,"z":1.6334162950515748},"rotation":{"x":0.21473249793052674,"y":-0.37513792514801028,"z":0.08977632224559784,"w":0.8972746133804321},"size":2.912595510482788,"orthographic":true}