{"cameraMode":{"drawMode":0,"name":"Shaded","section":"Shading Mode"},"sceneLighting":false,"audioPlay":false,"sceneViewState":{"showFog":true,"showMaterialUpdate":false,"showSkybox":true,"showFlares":true,"showImageEffects":true,"showParticleSystems":true},"in2DMode":false,"pivot":{"x":2.3000001907348635,"y":1.190000295639038,"z":1.7881393432617188e-7},"rotation":{"x":0.09924481064081192,"y":-0.327595055103302,"z":0.03463774546980858,"w":0.9389526844024658},"size":4.945466995239258,"orthographic":false}