{"cameraMode":{"drawMode":0,"name":"Shaded","section":"Shading Mode"},"sceneLighting":false,"audioPlay":false,"sceneViewState":{"showFog":true,"showMaterialUpdate":false,"showSkybox":true,"showFlares":true,"showImageEffects":true,"showParticleSystems":true},"in2DMode":false,"pivot":{"x":119.00004577636719,"y":-2.599853515625,"z":3450.000244140625},"rotation":{"x":0.40424758195877077,"y":-0.23644329607486726,"z":0.1090126633644104,"w":0.8768094778060913},"size":8836.818359375,"orthographic":true}