{"cameraMode":{"drawMode":0,"name":"Shaded","section":"Shading Mode"},"sceneLighting":false,"audioPlay":false,"sceneViewState":{"showFog":true,"showMaterialUpdate":false,"showSkybox":true,"showFlares":true,"showImageEffects":true,"showParticleSystems":true},"in2DMode":false,"pivot":{"x":-0.0012193024158477784,"y":0.3126925528049469,"z":-0.0015231668949127198},"rotation":{"x":-0.1011323556303978,"y":-0.8662300705909729,"z":0.4486570954322815,"w":-0.19525516033172608},"size":2.7811684608459474,"orthographic":true}