{"cameraMode":{"drawMode":0,"name":"Shaded","section":"Shading Mode"},"sceneLighting":false,"audioPlay":false,"sceneViewState":{"showFog":true,"showMaterialUpdate":false,"showSkybox":true,"showFlares":true,"showImageEffects":true,"showParticleSystems":true},"in2DMode":false,"pivot":{"x":-0.5250937938690186,"y":1.3798904418945313,"z":-1.6321907043457032},"rotation":{"x":0.20411500334739686,"y":0.719536542892456,"z":-0.2368508279323578,"w":0.6200855374336243},"size":34.21873474121094,"orthographic":false}