{"cameraMode":{"drawMode":0,"name":"Shaded","section":"Shading Mode"},"sceneLighting":false,"audioPlay":false,"sceneViewState":{"showFog":true,"showMaterialUpdate":false,"showSkybox":true,"showFlares":true,"showImageEffects":true,"showParticleSystems":true},"in2DMode":false,"pivot":{"x":-0.00017695128917694092,"y":0.2828202247619629,"z":-0.00006955862045288086},"rotation":{"x":0.19150865077972413,"y":0.6778492331504822,"z":-0.18979023396968842,"w":0.6839771270751953},"size":3.1545095443725588,"orthographic":true}