{"cameraMode":{"drawMode":0,"name":"Shaded","section":"Shading Mode"},"sceneLighting":false,"audioPlay":false,"sceneViewState":{"showFog":true,"showMaterialUpdate":false,"showSkybox":true,"showFlares":true,"showImageEffects":true,"showParticleSystems":true},"in2DMode":false,"pivot":{"x":2.184781789779663,"y":1.105000376701355,"z":0.11521852016448975},"rotation":{"x":0.07337995618581772,"y":-0.29149380326271059,"z":0.022442908957600595,"w":0.9534900188446045},"size":3.163557767868042,"orthographic":false}