{"cameraMode":{"drawMode":0,"name":"Shaded","section":"Shading Mode"},"sceneLighting":false,"audioPlay":false,"sceneViewState":{"showFog":true,"showMaterialUpdate":false,"showSkybox":true,"showFlares":true,"showImageEffects":true,"showParticleSystems":true},"in2DMode":false,"pivot":{"x":0.04804720729589462,"y":-2.460190534591675,"z":0.0130615234375},"rotation":{"x":-9.397180633641256e-7,"y":-0.7695281505584717,"z":6.668892069683352e-7,"w":0.6386128664016724},"size":0.18903054296970368,"orthographic":true}