{"cameraMode":{"drawMode":0,"name":"Shaded","section":"Shading Mode"},"sceneLighting":false,"audioPlay":false,"sceneViewState":{"showFog":true,"showMaterialUpdate":false,"showSkybox":true,"showFlares":true,"showImageEffects":true,"showParticleSystems":true},"in2DMode":false,"pivot":{"x":-0.20514053106307984,"y":4.585878849029541,"z":-0.2057393193244934},"rotation":{"x":0.14632119238376618,"y":-0.3465608060359955,"z":0.054824087768793109,"w":0.9249216914176941},"size":20.0291748046875,"orthographic":false}