{"cameraMode":{"drawMode":0,"name":"Shaded","section":"Shading Mode"},"sceneLighting":false,"audioPlay":false,"sceneViewState":{"showFog":true,"showMaterialUpdate":false,"showSkybox":true,"showFlares":true,"showImageEffects":true,"showParticleSystems":true},"in2DMode":false,"pivot":{"x":0.052794426679611209,"y":-2.032573699951172,"z":0.022629618644714357},"rotation":{"x":0.1767294704914093,"y":0.20012545585632325,"z":-0.036725785583257678,"w":0.9629993438720703},"size":2.017444372177124,"orthographic":true}