{"cameraMode":{"drawMode":0,"name":"Shaded","section":"Shading Mode"},"sceneLighting":false,"audioPlay":false,"sceneViewState":{"showFog":true,"showMaterialUpdate":false,"showSkybox":true,"showFlares":true,"showImageEffects":true,"showParticleSystems":true},"in2DMode":false,"pivot":{"x":0.28072503209114077,"y":0.0033844411373138429,"z":-0.06544232368469238},"rotation":{"x":0.31924763321876528,"y":-0.08796293288469315,"z":0.029775919392704965,"w":0.9431102871894836},"size":3.562913656234741,"orthographic":true}